use OyunProje;
insert into user(user_name,email,password) values('Leyla','leyla@gmail.com','leyla123');
insert into user(user_name,email,password) values('yaðmur','yaðmur@gmail.com','yaðmur123');
insert into user(user_name,email,password) values('bilal','bilal@gmail.com','bilal123');
insert into user(user_name,email,password) values('ahmet','ahmet@gmail.com','ahmet123456');
insert into user(user_name,email,password) values('berna','berna@gmail.com','berna123456');
insert into user(user_name,email,password) values('ceren','ceren@gmail.com','ceren123456');
insert into Lives(user_id,last_life_given_at) values (1,getdate());
insert into Lives(user_id,last_life_given_at) values (2,getdate());
insert into Lives(user_id,last_life_given_at) values (3,getdate());
insert into Lives(user_id,last_life_given_at) values (4,getdate());
insert into Lives(user_id,last_life_given_at) values (5,getdate());
insert into Lives(user_id,last_life_given_at) values (6,getdate());
insert into powerup(powerup_name,description) values('marþmelov','birleþtirildiði karenin satýr ve sütununu temizler. 4 ayný renk þekerin eþleþtirilmesiyle elde edilir');
insert into powerup(powerup_name,description) values('akide þekeri','birleþtirildiði karenin etrafýndaki 8 kareyi temizler. L ve T þeklinde ayný renk þekerin eþleþtirilmesiyle elde edilir.');
insert into powerup(powerup_name,description) values('nane þekeri','birleþtirildiði karedeki þekerle ayný renkli tüm þekerleri patlatýr. ayný satýr veya sütundaki 5 ayný renk þekerin birleþtirilmesiyle elde edilir.');
insert into powerup(powerup_name,description) values('lolipop','birleþtirildiði þekerle ayný renk tüm þekerleri lolipopun rengine çevirir. 7 ayný renk þekerin eþleþtirilmesiyle elde edilir, elde edildiði þekerin rengini alýr.');
insert into powerup(powerup_name,description) values('biskuvi','üzerine çift týklandýðýnda bütün alaný yok eder. sadece ödül olarak ya da satýn alýmla elde edilebilir');
insert into levels(level_number,target_score,max_moves) values(1,1000,50);
insert into levels(level_number,target_score,max_moves) values(2,2000,45);
insert into levels(level_number,target_score,max_moves) values(3,3000,40);
insert into levels(level_number,target_score,max_moves) values(4,4000,30);
insert into levels(level_number,target_score,max_moves) values(5,5000,20);
insert into user_powerups(user_id,powerup_id,quantity) values(1,1,3);
insert into user_powerups(user_id,powerup_id,quantity) values(1,2,0);
insert into user_powerups(user_id,powerup_id,quantity) values(1,3,0);
insert into user_powerups(user_id,powerup_id,quantity) values(1,4,0);
insert into user_powerups(user_id,powerup_id,quantity) values(1,5,0);
insert into user_powerups(user_id,powerup_id,quantity) values(2,1,3);
insert into user_powerups(user_id,powerup_id,quantity) values(2,2,0);
insert into user_powerups(user_id,powerup_id,quantity) values(2,3,0);
insert into user_powerups(user_id,powerup_id,quantity) values(2,4,0);
insert into user_powerups(user_id,powerup_id,quantity) values(2,5,0);
insert into user_powerups(user_id,powerup_id,quantity) values(3,1,3);
insert into user_powerups(user_id,powerup_id,quantity) values(3,2,0);
insert into user_powerups(user_id,powerup_id,quantity) values(3,3,0);
insert into user_powerups(user_id,powerup_id,quantity) values(3,4,0);
insert into user_powerups(user_id,powerup_id,quantity) values(3,5,0);
insert into user_powerups(user_id,powerup_id,quantity) values(4,1,3);
insert into user_powerups(user_id,powerup_id,quantity) values(4,2,0);
insert into user_powerups(user_id,powerup_id,quantity) values(4,3,0);
insert into user_powerups(user_id,powerup_id,quantity) values(4,4,0);
insert into user_powerups(user_id,powerup_id,quantity) values(5,5,0);
insert into user_powerups(user_id,powerup_id,quantity) values(5,1,3);
insert into user_powerups(user_id,powerup_id,quantity) values(5,2,0);
insert into user_powerups(user_id,powerup_id,quantity) values(5,3,0);
insert into user_powerups(user_id,powerup_id,quantity) values(5,4,0);
insert into user_powerups(user_id,powerup_id,quantity) values(5,5,0);
insert into user_powerups(user_id,powerup_id,quantity) values(6,1,3);
insert into user_powerups(user_id,powerup_id,quantity) values(6,2,0);
insert into user_powerups(user_id,powerup_id,quantity) values(6,3,0);
insert into user_powerups(user_id,powerup_id,quantity) values(6,4,0);
insert into user_powerups(user_id,powerup_id,quantity) values(6,5,0);
insert into orders(user_id,powerup_id,quantity) values(1,1,3);
insert into orders(user_id,powerup_id,quantity) values(2,1,3);
insert into orders(user_id,powerup_id,quantity) values(3,1,3);
insert into orders(user_id,powerup_id,quantity) values(4,1,3);
insert into orders(user_id,powerup_id,quantity) values(5,1,3);
insert into orders(user_id,powerup_id,quantity) values(6,1,3);
insert into scores(user_id,level_id,moves_used,score) values(1,1,20,1500);
insert into scores(user_id,level_id,moves_used,score) values(2,1,21,1400);
insert into scores(user_id,level_id,moves_used,score) values(3,1,22,1300);
insert into scores(user_id,level_id,moves_used,score) values(4,1,23,1200);
insert into scores(user_id,level_id,moves_used,score) values(5,1,24,1100);
insert into scores(user_id,level_id,moves_used,score) values(6,1,25,1600);
insert into scores(user_id,level_id,moves_used,score) values(2,2,21,2400);
insert into scores(user_id,level_id,moves_used,score) values(3,2,22,2300);
insert into scores(user_id,level_id,moves_used,score) values(4,2,23,2200);
insert into scores(user_id,level_id,moves_used,score) values(5,2,24,2100);
insert into scores(user_id,level_id,moves_used,score) values(6,2,25,2600);
insert into scores(user_id,level_id,moves_used,score) values(3,3,22,3300);
insert into scores(user_id,level_id,moves_used,score) values(4,3,23,3200);
insert into scores(user_id,level_id,moves_used,score) values(5,3,24,3100);
insert into scores(user_id,level_id,moves_used,score) values(6,3,25,3600);
insert into scores(user_id,level_id,moves_used,score) values(4,4,23,4200);
insert into scores(user_id,level_id,moves_used,score) values(5,4,24,4100);
insert into scores(user_id,level_id,moves_used,score) values(6,4,25,4600);
insert into scores(user_id,level_id,moves_used,score) values(5,5,24,5100);
insert into scores(user_id,level_id,moves_used,score) values(6,5,25,5600);